,ADF Statistic,p-value
Temperature,-21.69493494634504,0.0
Pressure,-31.39494652193366,0.0
Vibration,-30.620617145771885,0.0
Network_Latency,-31.80546134119055,0.0
Edge_Processing_Time,-32.859647167101805,0.0
Fuzzy_PID_Output,-20.849569737923126,0.0
