,Temperature,Pressure,Vibration,Network_Latency,Edge_Processing_Time,Fuzzy_PID_Output
count,1000.0,1000.0,1000.0,1000.0,1000.0,1000.0
mean,80.00977159813999,104.95181666602,34.95030708302,29.64323739394,8.475422303682,0.7438899999999999
std,11.708740711778402,8.663975685271353,8.634937599434469,11.43741487756769,3.761468546665217,0.14292233798358708
min,60.18528092,90.00404079,20.00034904,10.00122875,2.012264398,0.5
25%,69.42793471499999,97.79442541,27.425147199999998,19.924764905,5.239808587500001,0.62
50%,80.174158785,104.97985245000001,35.062238045,29.356462245,8.310620902,0.74
75%,89.801766005,112.5368192,42.450889329999995,39.209143427499995,11.7213045125,0.86
max,99.97654903,119.9504253,49.9867311,49.90997556,14.99155391,1.0
